_index,jobs
87195da6dffffff,26381.391603526023
87195d364ffffff,27040.96063260834
87194e6c1ffffff,2513.324450247297
87194e692ffffff,35462.15588439124
87194ada6ffffff,22516.74256849623
87194ac2effffff,8184.843875217225
87194ad44ffffff,2680.754524445166
87195da4cffffff,19878.585079783094
87194ac14ffffff,28278.24855863192
87194ad11ffffff,18199.197667003988
87194ad19ffffff,9280.08262258271
87194ad0effffff,9321.714610549001
87194e606ffffff,12230.38283344657
87195da68ffffff,66931.22144160033
87194e699ffffff,10999.85309427305
87194e681ffffff,14235.952707567385
87194ad72ffffff,2682.043392568319
87194ad83ffffff,11497.814882149545
87194ada4ffffff,33638.64653998833
87194ad53ffffff,3430.968541833159
87195da45ffffff,31838.829668572893
87194e69affffff,23301.529877957168
87194e686ffffff,20782.515875098474
87195da69ffffff,63748.20820026822
87194adb5ffffff,10648.267833145941
87195dae2ffffff,13414.733401333591
87194ad21ffffff,9101.504375624956
87194ad14ffffff,20386.520284746697
87194ad76ffffff,2680.988947884352
87194ad2effffff,13238.1077729215
87194e6e3ffffff,2831.49108379359
87195dac1ffffff,24561.84707694474
87194e61dffffff,17137.230568474642
87194ad89ffffff,26362.865036723255
87194ac03ffffff,7604.415218232845
87194ac23ffffff,9437.204811567386
87194e615ffffff,15779.01673857201
87195db5bffffff,6423.892389671924
87195dad4ffffff,17847.008980026152
87194e695ffffff,23790.38035663419
87195da6bffffff,80929.44610266986
87194ad82ffffff,12201.055395162586
87194e6c5ffffff,3447.961251479147
87194e6f5ffffff,17210.91206849492
87195da76ffffff,3606.710121629039
87194e68effffff,11889.95111366763
87194ad02ffffff,27516.754777416416
87194ad5effffff,2344.2086725224976
87194ad75ffffff,2679.7802651861552
87194ad8bffffff,6225.095774084086
87195db48ffffff,5899.547563427674
87194ad55ffffff,2683.018603340212
87195daeeffffff,13055.253914903044
87195dacdffffff,10365.421352877855
87195daf3ffffff,25089.005535586846
87194ad2affffff,19993.83529901194
87195d365ffffff,18578.71911270309
87195dac6ffffff,27010.26447494221
87195da48ffffff,30577.955126642508
87194e6ddffffff,4521.724940040277
87194e60effffff,17129.99259808151
87194ac15ffffff,18798.612039326617
87194ad62ffffff,2679.702033550655
87194ad0dffffff,2682.1205678556607
87194adb3ffffff,11741.650297842845
87194ac24ffffff,9429.79563448993
87195db5dffffff,5876.312018189087
87195dae1ffffff,13050.082370437842
87195db4effffff,5899.690036493589
87194ada0ffffff,22478.398417554326
87195d368ffffff,2381.2902418356534
87194ad5affffff,420.80070895408164
87194e6c2ffffff,6478.36603862736
87195da5dffffff,17079.77651791934
87195da41ffffff,18144.293344994003
87195da4affffff,29871.646816920562
87194e619ffffff,17144.013189217938
87194ad35ffffff,20986.45330174958
87194e6dbffffff,3574.2260170617583
87194e6f0ffffff,17256.92518512604
87195db4affffff,5902.035848021046
87194e60dffffff,10808.306145917939
87194e6c6ffffff,6475.522519049153
87194ad26ffffff,20809.892574779336
87194ad54ffffff,2683.0974388666195
87194e6b3ffffff,22496.715635073517
87194ad0affffff,3964.585632615648
87195da60ffffff,6781.578682133899
87194e6e4ffffff,13812.548318534507
87195da5effffff,16941.079432118768
87194e601ffffff,6714.07866290847
87194e691ffffff,24166.694225623567
87194ac05ffffff,9440.907279758861
87194e690ffffff,26206.871562369204
87195daceffffff,21961.00080908522
87194ad18ffffff,12058.196060557946
87194ad28ffffff,8321.084325098724
87194e689ffffff,10658.20404224143
87194e6d0ffffff,8994.259188584405
87195dae9ffffff,11906.230613170477
87194ada2ffffff,12237.536783651703
87194ad08ffffff,2701.154185131787
87194ad70ffffff,2680.9116813318983
87194ad84ffffff,13472.296849645149
87195da62ffffff,6559.299112691953
87194adacffffff,23816.739637755738
87194ad29ffffff,4892.776444747573
87194e6e0ffffff,9499.010920829918
87194ad73ffffff,2681.9653420075633
87195da63ffffff,28818.843769242623
87194e6c4ffffff,6167.805248190875
87194ac00ffffff,9585.211662952672
87194e6abffffff,15454.364687998825
87194ac20ffffff,9433.500928042813
87194ad03ffffff,22658.136801653243
87195dac0ffffff,27009.59348607274
87194ad40ffffff,2631.022868074526
87195daddffffff,27030.977824882866
87194e696ffffff,5901.745562915479
87195da51ffffff,14048.523971761666
87195da58ffffff,16719.362342256707
87194adaeffffff,23826.773001476646
87194ad5cffffff,2683.9909662404098
87195daedffffff,16948.218327747316
87194adaaffffff,13005.254991494583
87194e6d5ffffff,7415.262693319573
87194e6daffffff,5207.746679898904
87195da44ffffff,6561.901139837813
87194e609ffffff,900.5875865211648
87195da61ffffff,39355.283506686916
87194e69effffff,23994.353489893143
87194ac22ffffff,9673.366353938189
87194ad74ffffff,2679.8576228206884
87195d36effffff,10915.102997313148
87194adb0ffffff,10764.13943983823
87194ac01ffffff,9370.628667071987
87194e68dffffff,18715.46878652746
87194adabffffff,10976.611077325873
87194e68affffff,10591.486637357717
87194e682ffffff,23120.450288168347
87194ad9affffff,4276.822259420725
87194e6a9ffffff,18914.461616086777
87194ad91ffffff,12432.464724188327
87194ada5ffffff,33661.59499462921
87194ad23ffffff,10477.419240905516
87194e6d6ffffff,7072.911707141089
87194ac35ffffff,17923.924023469146
87194ac32ffffff,27443.670273070693
87195da46ffffff,6564.6674786238855
87194e6d8ffffff,6483.4733483869995
87194ad0bffffff,4387.675694331093
87194e61affffff,18314.910874755325
87194ad66ffffff,2678.6491444144385
87194e6c0ffffff,6475.630995415212
87194e6aaffffff,14229.945573447449
87194ad1affffff,16207.529722719417
87195dac4ffffff,26241.179404115028
87194e602ffffff,17130.892801161175
87195d362ffffff,27063.02458159411
87194ac2affffff,1742.759940687631
87195da56ffffff,12698.35887540967
87194e6e6ffffff,17150.793339698135
87195da0bffffff,10487.046206509263
87195da6cffffff,48580.30077126612
87195da5bffffff,13050.449799395701
87195dadcffffff,26578.60875401198
87194e6b2ffffff,6146.546541319723
87194aca3ffffff,4725.465973949136
87194e60bffffff,5325.927657863233
87195da6effffff,49454.643801310995
87194e6a8ffffff,14771.580647797442
87194ad16ffffff,29602.66399768434
87195dac5ffffff,20661.366775478564
87194e61bffffff,17470.298869444832
87195da40ffffff,6564.502221735994
87194ad63ffffff,1656.5490593140976
87194e6d3ffffff,8151.0006931075295
87194ad95ffffff,11819.760770595196
87195da70ffffff,6562.225702844805
87194e6b1ffffff,12516.600646572158
87194e688ffffff,12346.914034886593
87194e685ffffff,14230.313817212049
87194ac06ffffff,24258.249556375697
87194aca4ffffff,7902.1662581591845
87194ad81ffffff,11934.406968546806
87194ada3ffffff,18111.836930649617
87194e6adffffff,17975.1084661872
87194ad51ffffff,2684.0714638305467
87195da53ffffff,16765.80899617608
87194ad34ffffff,23008.153616431206
87194ad00ffffff,24438.479193580788
87195da49ffffff,30993.281788888322
87194ad25ffffff,7535.755820316146
87194e614ffffff,282.4675732531687
87194e6f3ffffff,5458.43381516455
87195db4cffffff,4764.329342879927
87194e6f2ffffff,14443.114413581094
87194ac10ffffff,15511.128174252015
87194adb6ffffff,10361.056415266261
87194e608ffffff,17129.53413496424
87195d361ffffff,15793.859012686658
87194e6d4ffffff,7866.959595261916
87194e69bffffff,22572.07970404241
87194e6b0ffffff,7187.278200268113
87195da71ffffff,6562.064493377547
87194ad80ffffff,12870.568035354312
87194ac30ffffff,27736.561644317182
87194ad56ffffff,3348.1205341095547
87194ad98ffffff,12457.520739277532
87195db4dffffff,5897.059926262868
87195d366ffffff,27052.346316581632
87194ad1effffff,17989.712534347917
87195da09ffffff,5044.992560695211
87194e680ffffff,14236.320438713401
87194ada9ffffff,13034.349599283161
87195da4bffffff,31778.888506913827
87194ac2cffffff,1048.4292259685622
87194ac34ffffff,12333.858354312844
87194ad46ffffff,2681.886416303407
87194e618ffffff,17144.470442571812
87194ad64ffffff,548.4419471920886
87195d360ffffff,27051.63500609526
87195dad5ffffff,27021.636454482403
87194e6c3ffffff,6168.847312857692
87194e60cffffff,7834.463629937049
87194ada1ffffff,21745.726622095783
87194e6d9ffffff,3740.6345597564955
87194ad06ffffff,27994.007364230416
87194ad20ffffff,7033.100709015981
87194e69dffffff,17045.769577819483
87195da59ffffff,27393.1211460633
87195daf2ffffff,14189.543299620149
87194ad22ffffff,18918.20075035811
87194e6deffffff,6579.97701409148
87194ad24ffffff,10520.521102867442
87194e633ffffff,1529.5569042102125
87195dae5ffffff,13044.90893679527
87194ad36ffffff,129351.68202776596
87194e6dcffffff,6480.920169028087
87194e6f4ffffff,18988.948477965245
87195dae0ffffff,12687.621840920709
87194ad60ffffff,1221.7127898555077
87194ac04ffffff,13209.434364345267
87194e603ffffff,17130.445487091583
87194ad8affffff,8977.690208470349
87194aca0ffffff,6190.366951336917
87194ad1dffffff,10090.99925102629
87194ad8dffffff,11889.476627083955
87194ad01ffffff,20016.80290111717
87194ad90ffffff,12375.67801128711
87194ac31ffffff,28061.2685863735
87194e610ffffff,14876.434313005087
87194adadffffff,23813.14695110796
87194ad96ffffff,12213.774774675558
87194ad30ffffff,468626.70207896037
87194ad92ffffff,12223.04432975902
87194ad04ffffff,19518.932580845114
87194ad86ffffff,12831.565042050104
87195da50ffffff,14400.899485409884
87195d36dffffff,11063.974317738934
87194ad05ffffff,19774.117487742908
87194e683ffffff,17471.76120788405
87195da42ffffff,6606.440468858405
87194ad43ffffff,1708.9686772558532
87195da64ffffff,5942.162351558727
87195da5affffff,16209.332752558803
87195dae3ffffff,13055.579480955184
87194e68cffffff,13772.327919535419
87194ad12ffffff,21387.454739068187
87194e684ffffff,10613.713421834913
87194e693ffffff,42917.3206968824
87194e6e2ffffff,17157.571010311956
87194ac0effffff,2933.9599931840994
87194e6a3ffffff,2413.652731607221
87195da5cffffff,16418.601430167808
87195db6bffffff,3434.1653663795732
87194ad2bffffff,9598.67182885895
87194adb1ffffff,11418.37295637716
87194e61effffff,17144.922113700613
87195da74ffffff,5632.917815083568
87195daebffffff,10361.324497537003
87195dae8ffffff,12683.076864337834
87195da6affffff,57672.79368889272
87194ac25ffffff,9429.522522275474
87195daf1ffffff,26577.671043399718
87195dacbffffff,16171.703988912419
87195da55ffffff,6941.982683897625
87194ada8ffffff,17294.61403265769
87195da75ffffff,6559.4605652267255
87194e613ffffff,17149.95771286105
87194ad58ffffff,761.5715988587133
87194adb4ffffff,10428.687951083659
87195dadbffffff,14777.104587244321
87194adb2ffffff,10866.338417244
87195dadeffffff,5889.645604909605
87194ad31ffffff,24809.168180818102
87195d371ffffff,7809.3098026490115
87194ad1bffffff,9549.792693771908
87194e698ffffff,21524.92787798366
87195da54ffffff,6799.040517474984
87194ad9effffff,12886.491127038591
87194e60affffff,17136.772709621488
87195dac8ffffff,20966.076533635285
87195dac9ffffff,10892.385389321777
87195da43ffffff,10032.294772517163
87194ac02ffffff,11254.125710385173
87194ad94ffffff,12208.63202292314
87195db58ffffff,3685.117569649928
87194ad10ffffff,19309.090547305528
87194ac21ffffff,9433.22505469819
87195dad1ffffff,11886.534024854422
87195da65ffffff,5904.234931196391
87194ac36ffffff,13381.862983481602
87194ad5dffffff,2063.4701730308725
87195da52ffffff,13258.901556631197
87194ad93ffffff,12731.043824076525
87194e6b6ffffff,4319.493245627469
87194ad33ffffff,27974.337195673743
87195d36cffffff,12223.409369955858
87194ad15ffffff,22190.268877962008
87194e6d2ffffff,9079.56989601957
87195d344ffffff,4060.4272925180444
87194ad85ffffff,21255.95639272438
87194ad45ffffff,593.8418726835944
87195daeaffffff,12368.546757662047
87194ad52ffffff,9358.020020826883
87195dad9ffffff,27041.66405922007
87195db5affffff,929.5545742620628
87195dac2ffffff,27020.966467067065
87194e68bffffff,10591.203662826909
87195db59ffffff,5970.043704827241
87194ad9dffffff,9441.162443339465
87195d363ffffff,18628.34362786294
87194aca6ffffff,2899.4371242496545
87194e6f1ffffff,7403.026947152993
87194e69cffffff,24166.072258505625
87194ad71ffffff,2680.8335401400404
87195dad8ffffff,26386.393138227973
87194ad88ffffff,11384.646155973285
87194ad0cffffff,17482.802789903257
87195db4bffffff,5901.891668585078
87195da72ffffff,6301.406445830229
87194ad13ffffff,20183.4203524317
87194ad99ffffff,7555.952378253994
87194e6f6ffffff,19038.96437786237
87194ac33ffffff,28266.3304899377
87194e611ffffff,17138.12955080373
87194e694ffffff,6638.858084236515
87194ac26ffffff,9433.7737194279
87194e6aeffffff,14224.308765835563
87195dacaffffff,27030.28227240473
87194ad42ffffff,2682.938892176058
87194ad2cffffff,9083.151721815037
87194ad1cffffff,22715.312040377208
87194e600ffffff,11188.833074038906
87195d375ffffff,9635.240940615486
87194e612ffffff,13877.875632193602
87194ac84ffffff,433.97811349355686
87194ad50ffffff,2786.8413210818267
87195daccffffff,12080.96293816026
87195db49ffffff,5899.403165269424
87194e6acffffff,15352.922982794706
87194ad9cffffff,12065.898612607945
87195dac3ffffff,27020.287628752874
87194e6d1ffffff,6575.406901058679
87194ad8effffff,8974.159901324101
87195da66ffffff,6520.692325380359
87194ad8cffffff,10944.232480051389
87194ad09ffffff,2683.175398615265
87194ad2dffffff,8955.348029004463
87195daf5ffffff,376.0286878593622
87195db43ffffff,885.6714846869125
87195da4effffff,21003.544664717007
87194e61cffffff,17137.682849129207
87195d369ffffff,872.8112965174582
87195daecffffff,15032.659776471188
87195db41ffffff,692.672601446728
87194ad32ffffff,313772.8760938844
87194e6b5ffffff,29.645054352206486
87195dad0ffffff,3068.7339508858136
87195da4dffffff,25535.398603082373
87194e604ffffff,38.47375250033074
87194e6a1ffffff,7932.234167305593
87195d345ffffff,558.1045824521967
87195dae4ffffff,4257.743367251554
87195da73ffffff,6564.8305901777285
87194aca2ffffff,2628.165711657173
87194ac0cffffff,82.39323394937918
87195daf0ffffff,2473.5196871589287
87195da89ffffff,154.42619201971473
87194ac1cffffff,11.4911487508324
87195db69ffffff,630.1571328289829
87195dadaffffff,32.36899078548697
87195db5cffffff,460.66964775723926
87194ac16ffffff,4578.332482898174
87195da8dffffff,195.74560446348863
87195dae6ffffff,78.51352710199735
87194e6e5ffffff,566.9069317481143
87194ad4effffff,10.07584150646689
87194e672ffffff,26.066886877039675
87194ad9bffffff,534.0000643548574
87195da0dffffff,121.6624734567472
87194ac85ffffff,36.50817157738128
87194ad41ffffff,33.213095808543045
87194e616ffffff,129.84950443741653
87194ad59ffffff,2.63563352331245
