,_index,0,1,2,3,4,5,6,7,8,9,10,11,12,13,14,15,16,17
0,87194ac00ffffff,66.0,2.0,0.0,0.0,27.0,39.0,2.0,12.0,21.0,1.0,15.0,69.0,193.0,24.0,9.0,106.0,2.0,7.0
1,87194ac01ffffff,50.0,0.0,0.0,0.0,12.0,14.0,0.0,2.0,5.0,3.0,2.0,11.0,75.0,6.0,12.0,53.0,1.0,2.0
2,87194ac02ffffff,43.0,1.0,0.0,0.0,4.0,6.0,1.0,0.0,4.0,2.0,2.0,13.0,61.0,11.0,4.0,37.0,0.0,1.0
3,87194ac03ffffff,32.0,1.0,0.0,0.0,1.0,4.0,0.0,0.0,0.0,0.0,4.0,7.0,21.0,5.0,16.0,34.0,3.0,0.0
4,87194ac04ffffff,55.0,1.0,0.0,1.0,24.0,55.0,3.0,16.0,18.0,8.0,9.0,56.0,180.0,31.0,11.0,107.0,2.0,10.0
5,87194ac05ffffff,37.0,2.0,1.0,0.0,6.0,16.0,0.0,2.0,6.0,1.0,2.0,10.0,91.0,11.0,12.0,67.0,0.0,3.0
6,87194ac06ffffff,20.0,0.0,0.0,0.0,7.0,15.0,1.0,0.0,0.0,0.0,0.0,11.0,56.0,6.0,5.0,44.0,0.0,2.0
7,87194ac0cffffff,2.0,0.0,0.0,0.0,0.0,0.0,0.0,0.0,0.0,0.0,0.0,0.0,4.0,0.0,2.0,2.0,1.0,0.0
8,87194ac0effffff,3.0,0.0,0.0,0.0,0.0,2.0,0.0,1.0,0.0,1.0,0.0,1.0,5.0,2.0,2.0,7.0,1.0,2.0
9,87194ac10ffffff,9.0,0.0,0.0,0.0,6.0,14.0,1.0,2.0,1.0,0.0,0.0,9.0,43.0,9.0,4.0,34.0,0.0,1.0
10,87194ac12ffffff,0.0,0.0,0.0,0.0,0.0,0.0,0.0,0.0,0.0,0.0,0.0,0.0,0.0,0.0,0.0,0.0,0.0,0.0
11,87194ac13ffffff,0.0,0.0,0.0,0.0,0.0,0.0,0.0,0.0,0.0,0.0,0.0,0.0,0.0,0.0,0.0,0.0,0.0,0.0
12,87194ac14ffffff,61.0,3.0,0.0,0.0,41.0,104.0,5.0,39.0,36.0,19.0,38.0,166.0,437.0,42.0,21.0,192.0,14.0,20.0
13,87194ac15ffffff,25.0,1.0,0.0,0.0,9.0,9.0,0.0,1.0,0.0,0.0,1.0,2.0,58.0,9.0,4.0,42.0,0.0,6.0
14,87194ac16ffffff,10.0,0.0,0.0,0.0,8.0,7.0,1.0,0.0,0.0,1.0,0.0,3.0,22.0,8.0,1.0,23.0,0.0,1.0
15,87194ac1cffffff,0.0,0.0,0.0,0.0,1.0,0.0,0.0,0.0,0.0,0.0,0.0,0.0,1.0,0.0,0.0,0.0,0.0,0.0
16,87194ac20ffffff,27.0,3.0,0.0,0.0,11.0,18.0,5.0,5.0,0.0,0.0,3.0,2.0,49.0,20.0,5.0,67.0,2.0,7.0
17,87194ac21ffffff,73.0,1.0,0.0,0.0,23.0,36.0,0.0,4.0,10.0,3.0,8.0,30.0,117.0,23.0,8.0,95.0,4.0,5.0
18,87194ac22ffffff,87.0,3.0,0.0,1.0,57.0,78.0,9.0,64.0,57.0,22.0,20.0,153.0,598.0,36.0,27.0,185.0,17.0,19.0
19,87194ac23ffffff,44.0,2.0,0.0,0.0,16.0,31.0,2.0,4.0,14.0,1.0,4.0,39.0,193.0,15.0,6.0,83.0,1.0,7.0
20,87194ac24ffffff,52.0,4.0,0.0,0.0,30.0,49.0,0.0,7.0,41.0,4.0,15.0,74.0,239.0,29.0,15.0,112.0,6.0,10.0
21,87194ac25ffffff,39.0,0.0,1.0,0.0,14.0,12.0,1.0,10.0,8.0,3.0,2.0,24.0,118.0,12.0,13.0,56.0,2.0,3.0
22,87194ac26ffffff,107.0,12.0,0.0,0.0,89.0,100.0,12.0,51.0,131.0,25.0,61.0,410.0,846.0,56.0,29.0,246.0,27.0,42.0
23,87194ac28ffffff,0.0,0.0,0.0,0.0,0.0,0.0,0.0,0.0,0.0,0.0,0.0,0.0,0.0,0.0,0.0,0.0,0.0,0.0
24,87194ac2affffff,10.0,1.0,0.0,0.0,3.0,0.0,0.0,0.0,0.0,0.0,1.0,7.0,20.0,2.0,4.0,14.0,0.0,0.0
25,87194ac2cffffff,1.0,0.0,0.0,0.0,0.0,1.0,0.0,0.0,0.0,0.0,0.0,0.0,3.0,0.0,0.0,2.0,0.0,0.0
26,87194ac2dffffff,0.0,0.0,0.0,0.0,0.0,0.0,0.0,0.0,0.0,0.0,0.0,0.0,0.0,0.0,0.0,0.0,0.0,0.0
27,87194ac2effffff,18.0,0.0,0.0,0.0,9.0,8.0,0.0,6.0,9.0,1.0,5.0,30.0,90.0,12.0,4.0,29.0,1.0,1.0
28,87194ac30ffffff,51.0,1.0,25.0,0.0,25.0,26.0,0.0,7.0,22.0,2.0,4.0,58.0,249.0,10.0,25.0,128.0,3.0,8.0
29,87194ac31ffffff,68.0,1.0,1.0,0.0,37.0,63.0,0.0,22.0,39.0,7.0,20.0,110.0,372.0,35.0,21.0,160.0,5.0,19.0
30,87194ac32ffffff,86.0,2.0,0.0,0.0,24.0,41.0,1.0,14.0,40.0,5.0,13.0,84.0,290.0,32.0,13.0,130.0,3.0,10.0
31,87194ac33ffffff,62.0,2.0,3.0,0.0,26.0,57.0,1.0,15.0,31.0,10.0,18.0,71.0,304.0,27.0,22.0,143.0,6.0,14.0
32,87194ac34ffffff,52.0,4.0,0.0,0.0,17.0,19.0,1.0,5.0,18.0,2.0,1.0,27.0,126.0,18.0,18.0,81.0,3.0,5.0
33,87194ac35ffffff,55.0,7.0,8.0,0.0,24.0,15.0,0.0,8.0,23.0,4.0,6.0,157.0,341.0,16.0,10.0,193.0,8.0,5.0
34,87194ac36ffffff,85.0,6.0,20.0,0.0,35.0,64.0,2.0,16.0,36.0,5.0,19.0,110.0,399.0,22.0,19.0,152.0,18.0,26.0
35,87194ac84ffffff,0.0,0.0,0.0,0.0,0.0,0.0,0.0,0.0,0.0,2.0,0.0,0.0,0.0,1.0,1.0,7.0,0.0,0.0
36,87194ac85ffffff,2.0,0.0,0.0,0.0,0.0,0.0,0.0,0.0,0.0,0.0,0.0,0.0,0.0,0.0,0.0,2.0,0.0,0.0
37,87194aca0ffffff,31.0,2.0,1.0,0.0,11.0,12.0,0.0,2.0,4.0,0.0,3.0,24.0,89.0,14.0,4.0,55.0,1.0,3.0
38,87194aca2ffffff,0.0,0.0,0.0,0.0,0.0,0.0,3.0,1.0,3.0,0.0,1.0,0.0,3.0,4.0,3.0,17.0,0.0,0.0
39,87194aca3ffffff,6.0,0.0,0.0,2.0,0.0,0.0,0.0,1.0,0.0,1.0,1.0,4.0,6.0,0.0,4.0,8.0,0.0,0.0
40,87194aca4ffffff,44.0,3.0,2.0,0.0,21.0,34.0,3.0,15.0,25.0,2.0,11.0,115.0,364.0,28.0,12.0,116.0,2.0,16.0
41,87194aca5ffffff,0.0,0.0,0.0,0.0,0.0,1.0,0.0,0.0,0.0,0.0,0.0,0.0,0.0,0.0,0.0,1.0,0.0,0.0
42,87194aca6ffffff,14.0,0.0,0.0,0.0,9.0,10.0,0.0,3.0,3.0,1.0,2.0,15.0,69.0,11.0,5.0,30.0,0.0,4.0
43,87194ad00ffffff,92.0,4.0,0.0,0.0,42.0,39.0,5.0,29.0,46.0,19.0,29.0,101.0,323.0,26.0,29.0,143.0,2.0,9.0
44,87194ad01ffffff,81.0,4.0,3.0,0.0,42.0,65.0,2.0,31.0,56.0,13.0,30.0,151.0,351.0,40.0,14.0,175.0,15.0,27.0
45,87194ad02ffffff,95.0,2.0,1.0,0.0,51.0,81.0,6.0,42.0,29.0,19.0,36.0,145.0,300.0,42.0,35.0,176.0,2.0,14.0
46,87194ad03ffffff,90.0,1.0,0.0,0.0,44.0,40.0,5.0,26.0,29.0,14.0,24.0,92.0,307.0,45.0,28.0,161.0,6.0,18.0
47,87194ad04ffffff,87.0,10.0,6.0,0.0,70.0,52.0,12.0,66.0,79.0,40.0,59.0,228.0,528.0,47.0,67.0,211.0,6.0,33.0
48,87194ad05ffffff,109.0,6.0,3.0,0.0,41.0,77.0,8.0,37.0,60.0,13.0,27.0,236.0,413.0,43.0,41.0,201.0,8.0,14.0
49,87194ad06ffffff,85.0,4.0,5.0,0.0,59.0,63.0,6.0,68.0,77.0,39.0,38.0,303.0,536.0,68.0,69.0,258.0,12.0,28.0
50,87194ad08ffffff,87.0,2.0,6.0,0.0,29.0,61.0,2.0,36.0,15.0,16.0,23.0,84.0,300.0,40.0,16.0,118.0,6.0,13.0
51,87194ad09ffffff,59.0,1.0,0.0,0.0,13.0,20.0,1.0,4.0,2.0,0.0,6.0,24.0,129.0,22.0,5.0,74.0,1.0,6.0
52,87194ad0affffff,77.0,8.0,0.0,0.0,40.0,48.0,4.0,22.0,33.0,9.0,16.0,109.0,344.0,23.0,13.0,145.0,5.0,9.0
53,87194ad0bffffff,54.0,2.0,1.0,0.0,19.0,36.0,1.0,20.0,19.0,4.0,10.0,55.0,188.0,23.0,4.0,80.0,3.0,4.0
54,87194ad0cffffff,65.0,2.0,2.0,0.0,25.0,18.0,0.0,7.0,21.0,0.0,8.0,47.0,121.0,24.0,24.0,94.0,2.0,2.0
55,87194ad0dffffff,90.0,5.0,2.0,0.0,54.0,96.0,9.0,56.0,31.0,25.0,40.0,243.0,561.0,47.0,19.0,194.0,18.0,32.0
56,87194ad0effffff,79.0,6.0,1.0,0.0,34.0,35.0,2.0,19.0,34.0,9.0,26.0,120.0,305.0,54.0,22.0,147.0,1.0,8.0
57,87194ad10ffffff,85.0,15.0,9.0,0.0,64.0,74.0,5.0,80.0,62.0,57.0,54.0,276.0,646.0,88.0,63.0,225.0,10.0,38.0
58,87194ad11ffffff,106.0,4.0,0.0,0.0,62.0,85.0,6.0,94.0,81.0,54.0,82.0,309.0,651.0,56.0,51.0,202.0,14.0,30.0
59,87194ad12ffffff,78.0,2.0,34.0,4.0,69.0,101.0,9.0,111.0,78.0,56.0,57.0,279.0,780.0,67.0,65.0,206.0,13.0,29.0
60,87194ad13ffffff,73.0,6.0,0.0,0.0,61.0,65.0,8.0,52.0,33.0,33.0,36.0,126.0,441.0,38.0,49.0,180.0,1.0,14.0
61,87194ad14ffffff,140.0,30.0,18.0,0.0,96.0,130.0,40.0,102.0,66.0,84.0,113.0,256.0,1039.0,103.0,202.0,231.0,49.0,195.0
62,87194ad15ffffff,106.0,6.0,0.0,0.0,79.0,98.0,9.0,67.0,64.0,38.0,49.0,193.0,633.0,79.0,83.0,222.0,10.0,50.0
63,87194ad16ffffff,135.0,16.0,11.0,0.0,86.0,207.0,96.0,244.0,59.0,92.0,125.0,921.0,1312.0,101.0,183.0,217.0,54.0,83.0
64,87194ad18ffffff,73.0,1.0,0.0,0.0,50.0,20.0,0.0,5.0,21.0,2.0,8.0,58.0,157.0,23.0,18.0,120.0,1.0,2.0
65,87194ad19ffffff,82.0,2.0,0.0,0.0,39.0,54.0,4.0,29.0,66.0,11.0,29.0,140.0,383.0,28.0,22.0,185.0,4.0,16.0
66,87194ad1affffff,75.0,3.0,0.0,0.0,46.0,63.0,3.0,21.0,57.0,10.0,35.0,155.0,458.0,29.0,10.0,152.0,1.0,11.0
67,87194ad1bffffff,83.0,1.0,0.0,0.0,43.0,79.0,10.0,24.0,58.0,11.0,16.0,159.0,366.0,32.0,13.0,156.0,6.0,17.0
68,87194ad1cffffff,70.0,4.0,0.0,0.0,51.0,59.0,4.0,23.0,36.0,14.0,26.0,123.0,322.0,56.0,30.0,145.0,3.0,13.0
69,87194ad1dffffff,94.0,6.0,3.0,0.0,40.0,56.0,7.0,42.0,33.0,26.0,45.0,115.0,309.0,40.0,74.0,177.0,5.0,11.0
70,87194ad1effffff,111.0,2.0,0.0,0.0,46.0,84.0,4.0,42.0,45.0,19.0,40.0,173.0,400.0,58.0,29.0,182.0,7.0,24.0
71,87194ad20ffffff,32.0,6.0,54.0,0.0,24.0,12.0,4.0,42.0,11.0,14.0,13.0,75.0,162.0,16.0,38.0,88.0,9.0,8.0
72,87194ad21ffffff,96.0,2.0,0.0,0.0,40.0,50.0,5.0,17.0,30.0,7.0,18.0,148.0,274.0,33.0,31.0,159.0,2.0,12.0
73,87194ad22ffffff,82.0,8.0,106.0,1.0,80.0,66.0,7.0,79.0,65.0,29.0,53.0,216.0,776.0,44.0,53.0,164.0,13.0,35.0
74,87194ad23ffffff,71.0,5.0,27.0,0.0,53.0,51.0,12.0,68.0,45.0,45.0,56.0,148.0,351.0,49.0,98.0,164.0,7.0,9.0
75,87194ad24ffffff,90.0,10.0,6.0,0.0,40.0,42.0,7.0,48.0,66.0,18.0,31.0,150.0,378.0,43.0,41.0,184.0,8.0,21.0
76,87194ad25ffffff,51.0,4.0,28.0,1.0,20.0,12.0,9.0,6.0,12.0,7.0,14.0,52.0,210.0,28.0,20.0,105.0,6.0,14.0
77,87194ad26ffffff,114.0,10.0,41.0,0.0,47.0,43.0,11.0,44.0,62.0,18.0,31.0,146.0,360.0,49.0,58.0,195.0,14.0,25.0
78,87194ad28ffffff,58.0,1.0,3.0,0.0,23.0,18.0,0.0,4.0,15.0,3.0,8.0,33.0,113.0,23.0,14.0,92.0,0.0,7.0
79,87194ad29ffffff,57.0,0.0,0.0,0.0,18.0,39.0,1.0,12.0,20.0,3.0,11.0,58.0,239.0,19.0,8.0,94.0,4.0,9.0
80,87194ad2affffff,74.0,2.0,0.0,0.0,42.0,43.0,5.0,15.0,43.0,6.0,15.0,96.0,279.0,16.0,13.0,148.0,2.0,13.0
81,87194ad2bffffff,59.0,2.0,0.0,0.0,14.0,37.0,0.0,5.0,19.0,5.0,7.0,40.0,134.0,19.0,11.0,104.0,3.0,4.0
82,87194ad2cffffff,67.0,2.0,0.0,0.0,28.0,24.0,0.0,10.0,25.0,3.0,9.0,53.0,194.0,22.0,17.0,128.0,2.0,16.0
83,87194ad2dffffff,57.0,1.0,1.0,0.0,33.0,31.0,3.0,23.0,27.0,10.0,18.0,88.0,215.0,43.0,7.0,121.0,2.0,14.0
84,87194ad2effffff,67.0,2.0,2.0,0.0,48.0,50.0,3.0,26.0,18.0,16.0,20.0,96.0,211.0,55.0,35.0,144.0,2.0,10.0
85,87194ad30ffffff,158.0,62.0,67.0,0.0,246.0,286.0,82.0,551.0,322.0,326.0,335.0,891.0,5085.0,216.0,323.0,419.0,62.0,244.0
86,87194ad31ffffff,97.0,11.0,57.0,0.0,51.0,55.0,1.0,41.0,54.0,30.0,48.0,196.0,560.0,82.0,103.0,217.0,7.0,30.0
87,87194ad32ffffff,168.0,55.0,29.0,0.0,246.0,259.0,86.0,549.0,246.0,275.0,346.0,1114.0,4568.0,294.0,401.0,413.0,60.0,289.0
88,87194ad33ffffff,139.0,8.0,0.0,0.0,99.0,132.0,28.0,146.0,119.0,78.0,118.0,421.0,1349.0,102.0,141.0,275.0,24.0,95.0
89,87194ad34ffffff,109.0,9.0,25.0,0.0,118.0,124.0,24.0,160.0,107.0,137.0,138.0,552.0,1266.0,140.0,104.0,282.0,10.0,82.0
90,87194ad35ffffff,100.0,9.0,79.0,0.0,96.0,70.0,12.0,55.0,86.0,26.0,50.0,346.0,600.0,81.0,82.0,202.0,17.0,35.0
91,87194ad36ffffff,161.0,18.0,15.0,0.0,242.0,240.0,47.0,272.0,150.0,191.0,181.0,632.0,3745.0,199.0,173.0,316.0,38.0,207.0
92,87194ad40ffffff,3.0,0.0,0.0,0.0,0.0,1.0,0.0,0.0,0.0,0.0,0.0,2.0,3.0,0.0,0.0,9.0,0.0,0.0
93,87194ad41ffffff,0.0,0.0,0.0,0.0,0.0,0.0,0.0,0.0,0.0,0.0,0.0,0.0,0.0,0.0,0.0,0.0,0.0,0.0
94,87194ad42ffffff,21.0,0.0,0.0,0.0,1.0,0.0,0.0,0.0,0.0,2.0,0.0,1.0,4.0,3.0,4.0,22.0,0.0,0.0
95,87194ad43ffffff,14.0,0.0,0.0,0.0,0.0,3.0,0.0,0.0,0.0,1.0,0.0,0.0,5.0,3.0,2.0,6.0,0.0,0.0
96,87194ad44ffffff,43.0,1.0,1.0,0.0,11.0,10.0,0.0,3.0,4.0,1.0,4.0,16.0,66.0,11.0,7.0,54.0,1.0,1.0
97,87194ad45ffffff,12.0,1.0,0.0,0.0,2.0,1.0,0.0,0.0,0.0,0.0,0.0,2.0,14.0,0.0,1.0,13.0,0.0,0.0
98,87194ad46ffffff,49.0,1.0,0.0,0.0,7.0,14.0,0.0,5.0,10.0,5.0,3.0,22.0,66.0,5.0,8.0,50.0,0.0,4.0
99,87194ad4effffff,0.0,0.0,0.0,0.0,0.0,0.0,0.0,0.0,0.0,0.0,0.0,0.0,0.0,0.0,0.0,0.0,0.0,0.0
100,87194ad50ffffff,0.0,0.0,0.0,0.0,0.0,0.0,0.0,0.0,0.0,0.0,0.0,4.0,22.0,0.0,5.0,14.0,0.0,0.0
101,87194ad51ffffff,12.0,0.0,0.0,1.0,2.0,2.0,0.0,0.0,0.0,1.0,1.0,5.0,32.0,3.0,5.0,11.0,0.0,1.0
102,87194ad52ffffff,69.0,6.0,1.0,0.0,17.0,19.0,1.0,2.0,17.0,2.0,6.0,37.0,98.0,15.0,5.0,76.0,2.0,6.0
103,87194ad53ffffff,19.0,0.0,0.0,0.0,7.0,4.0,0.0,1.0,7.0,0.0,0.0,4.0,35.0,8.0,5.0,15.0,1.0,0.0
104,87194ad54ffffff,28.0,0.0,1.0,0.0,12.0,7.0,1.0,6.0,6.0,5.0,5.0,30.0,84.0,20.0,18.0,43.0,0.0,6.0
105,87194ad55ffffff,19.0,0.0,2.0,0.0,0.0,2.0,1.0,0.0,0.0,0.0,0.0,8.0,17.0,2.0,12.0,30.0,0.0,2.0
106,87194ad56ffffff,34.0,0.0,0.0,0.0,20.0,26.0,4.0,12.0,13.0,4.0,11.0,59.0,169.0,15.0,10.0,74.0,4.0,6.0
107,87194ad58ffffff,6.0,0.0,0.0,0.0,1.0,1.0,0.0,2.0,0.0,1.0,0.0,2.0,15.0,3.0,0.0,9.0,0.0,0.0
108,87194ad59ffffff,2.0,0.0,0.0,0.0,0.0,0.0,0.0,0.0,0.0,0.0,0.0,0.0,0.0,0.0,0.0,1.0,0.0,0.0
109,87194ad5affffff,0.0,0.0,0.0,0.0,1.0,0.0,0.0,0.0,0.0,0.0,0.0,0.0,1.0,1.0,4.0,1.0,0.0,0.0
110,87194ad5cffffff,28.0,0.0,0.0,0.0,5.0,7.0,2.0,4.0,0.0,1.0,1.0,7.0,46.0,9.0,2.0,21.0,0.0,6.0
111,87194ad5dffffff,2.0,0.0,0.0,0.0,1.0,1.0,0.0,0.0,0.0,0.0,0.0,0.0,1.0,1.0,0.0,3.0,0.0,0.0
112,87194ad5effffff,33.0,0.0,0.0,0.0,7.0,18.0,0.0,0.0,8.0,2.0,3.0,26.0,138.0,6.0,8.0,51.0,1.0,1.0
113,87194ad60ffffff,2.0,0.0,0.0,0.0,0.0,0.0,0.0,0.0,0.0,0.0,0.0,1.0,2.0,0.0,0.0,1.0,0.0,0.0
114,87194ad62ffffff,45.0,0.0,0.0,0.0,11.0,7.0,0.0,1.0,3.0,0.0,0.0,8.0,75.0,10.0,8.0,49.0,5.0,3.0
115,87194ad63ffffff,5.0,0.0,0.0,0.0,3.0,2.0,0.0,0.0,0.0,1.0,0.0,4.0,6.0,5.0,2.0,16.0,0.0,1.0
116,87194ad64ffffff,0.0,0.0,0.0,0.0,0.0,0.0,0.0,0.0,0.0,0.0,0.0,1.0,1.0,0.0,1.0,0.0,0.0,0.0
117,87194ad66ffffff,29.0,0.0,1.0,0.0,4.0,3.0,2.0,0.0,3.0,0.0,1.0,13.0,55.0,3.0,7.0,30.0,0.0,3.0
118,87194ad70ffffff,49.0,1.0,3.0,0.0,23.0,22.0,0.0,21.0,12.0,4.0,13.0,54.0,153.0,16.0,11.0,71.0,1.0,3.0
119,87194ad71ffffff,86.0,2.0,0.0,0.0,24.0,41.0,2.0,24.0,18.0,6.0,22.0,103.0,225.0,20.0,6.0,119.0,1.0,10.0
120,87194ad72ffffff,33.0,0.0,2.0,0.0,24.0,26.0,1.0,14.0,16.0,3.0,10.0,39.0,215.0,27.0,7.0,68.0,3.0,9.0
121,87194ad73ffffff,35.0,1.0,3.0,0.0,14.0,24.0,4.0,12.0,7.0,6.0,5.0,32.0,146.0,11.0,11.0,66.0,1.0,3.0
122,87194ad74ffffff,28.0,0.0,0.0,0.0,15.0,15.0,1.0,11.0,0.0,6.0,2.0,19.0,83.0,6.0,22.0,45.0,0.0,8.0
123,87194ad75ffffff,85.0,1.0,2.0,0.0,22.0,28.0,1.0,10.0,22.0,4.0,10.0,98.0,278.0,11.0,7.0,109.0,2.0,6.0
124,87194ad76ffffff,43.0,3.0,2.0,0.0,18.0,19.0,0.0,5.0,8.0,4.0,3.0,21.0,111.0,9.0,11.0,75.0,1.0,4.0
125,87194ad80ffffff,2.0,0.0,0.0,0.0,2.0,0.0,0.0,0.0,0.0,0.0,1.0,1.0,2.0,6.0,5.0,4.0,0.0,1.0
126,87194ad81ffffff,22.0,0.0,0.0,0.0,4.0,7.0,0.0,1.0,4.0,0.0,0.0,13.0,17.0,8.0,10.0,28.0,0.0,3.0
127,87194ad82ffffff,40.0,0.0,15.0,0.0,23.0,33.0,5.0,16.0,9.0,9.0,10.0,46.0,133.0,31.0,35.0,71.0,3.0,11.0
128,87194ad83ffffff,24.0,0.0,1.0,0.0,10.0,15.0,2.0,1.0,1.0,0.0,0.0,9.0,50.0,8.0,22.0,62.0,2.0,2.0
129,87194ad84ffffff,47.0,3.0,15.0,0.0,41.0,58.0,2.0,35.0,24.0,18.0,29.0,155.0,388.0,61.0,32.0,145.0,3.0,14.0
130,87194ad85ffffff,45.0,0.0,2.0,0.0,22.0,30.0,0.0,6.0,11.0,2.0,4.0,36.0,95.0,15.0,22.0,78.0,1.0,7.0
131,87194ad86ffffff,64.0,8.0,4.0,0.0,46.0,86.0,9.0,68.0,29.0,38.0,51.0,202.0,531.0,46.0,37.0,179.0,4.0,38.0
132,87194ad88ffffff,44.0,1.0,0.0,0.0,37.0,49.0,0.0,30.0,15.0,4.0,13.0,97.0,206.0,37.0,17.0,123.0,4.0,13.0
133,87194ad89ffffff,54.0,0.0,0.0,0.0,31.0,35.0,2.0,30.0,33.0,5.0,12.0,91.0,402.0,17.0,7.0,129.0,7.0,10.0
134,87194ad8affffff,39.0,1.0,3.0,0.0,26.0,16.0,1.0,3.0,4.0,2.0,2.0,26.0,136.0,30.0,8.0,101.0,0.0,6.0
135,87194ad8bffffff,16.0,2.0,1.0,0.0,11.0,19.0,1.0,6.0,8.0,2.0,8.0,41.0,114.0,20.0,7.0,67.0,1.0,4.0
136,87194ad8cffffff,62.0,1.0,0.0,0.0,35.0,55.0,2.0,16.0,17.0,5.0,12.0,68.0,244.0,48.0,10.0,126.0,1.0,14.0
137,87194ad8dffffff,65.0,3.0,0.0,0.0,28.0,33.0,1.0,8.0,15.0,1.0,7.0,54.0,192.0,32.0,18.0,95.0,2.0,8.0
138,87194ad8effffff,49.0,1.0,1.0,0.0,23.0,38.0,2.0,19.0,12.0,5.0,13.0,75.0,237.0,27.0,13.0,103.0,2.0,5.0
139,87194ad90ffffff,83.0,4.0,0.0,0.0,57.0,76.0,16.0,53.0,63.0,15.0,37.0,235.0,528.0,39.0,18.0,167.0,15.0,14.0
140,87194ad91ffffff,61.0,2.0,26.0,0.0,57.0,79.0,6.0,51.0,29.0,27.0,28.0,127.0,419.0,46.0,36.0,141.0,6.0,22.0
141,87194ad92ffffff,46.0,1.0,11.0,0.0,18.0,14.0,1.0,3.0,6.0,2.0,1.0,52.0,205.0,11.0,18.0,98.0,7.0,4.0
142,87194ad93ffffff,69.0,1.0,12.0,0.0,17.0,37.0,2.0,8.0,22.0,1.0,5.0,60.0,207.0,11.0,19.0,105.0,0.0,9.0
143,87194ad94ffffff,66.0,7.0,0.0,0.0,24.0,32.0,4.0,11.0,16.0,7.0,13.0,65.0,175.0,34.0,11.0,96.0,2.0,10.0
144,87194ad95ffffff,65.0,1.0,28.0,0.0,25.0,45.0,1.0,12.0,13.0,13.0,14.0,98.0,246.0,31.0,26.0,156.0,2.0,13.0
145,87194ad96ffffff,74.0,2.0,0.0,0.0,32.0,36.0,5.0,22.0,25.0,4.0,5.0,98.0,240.0,24.0,12.0,116.0,5.0,11.0
146,87194ad98ffffff,18.0,0.0,9.0,0.0,2.0,0.0,2.0,8.0,1.0,3.0,6.0,3.0,12.0,4.0,26.0,22.0,0.0,3.0
147,87194ad99ffffff,63.0,1.0,10.0,0.0,37.0,77.0,6.0,37.0,24.0,24.0,23.0,93.0,346.0,29.0,11.0,120.0,4.0,9.0
148,87194ad9affffff,16.0,0.0,38.0,0.0,3.0,8.0,0.0,4.0,2.0,3.0,2.0,15.0,72.0,13.0,6.0,36.0,1.0,3.0
149,87194ad9bffffff,0.0,0.0,4.0,0.0,0.0,0.0,0.0,0.0,0.0,1.0,0.0,0.0,1.0,1.0,0.0,3.0,0.0,1.0
150,87194ad9cffffff,54.0,1.0,28.0,0.0,31.0,49.0,5.0,24.0,6.0,10.0,13.0,76.0,262.0,38.0,27.0,120.0,5.0,13.0
151,87194ad9dffffff,118.0,5.0,24.0,0.0,59.0,104.0,14.0,82.0,79.0,36.0,70.0,401.0,749.0,67.0,27.0,213.0,21.0,30.0
152,87194ad9effffff,57.0,3.0,9.0,0.0,29.0,61.0,1.0,22.0,14.0,14.0,25.0,90.0,319.0,25.0,16.0,96.0,3.0,11.0
153,87194ada0ffffff,85.0,11.0,18.0,0.0,104.0,139.0,29.0,124.0,76.0,55.0,86.0,306.0,971.0,90.0,82.0,238.0,24.0,49.0
154,87194ada1ffffff,99.0,7.0,45.0,0.0,89.0,111.0,8.0,98.0,55.0,46.0,69.0,320.0,1096.0,107.0,39.0,193.0,5.0,22.0
155,87194ada2ffffff,66.0,6.0,10.0,0.0,56.0,70.0,11.0,71.0,26.0,23.0,39.0,185.0,450.0,67.0,51.0,169.0,4.0,16.0
156,87194ada3ffffff,60.0,2.0,17.0,0.0,30.0,67.0,2.0,54.0,22.0,20.0,33.0,181.0,347.0,59.0,48.0,135.0,4.0,20.0
157,87194ada4ffffff,94.0,26.0,0.0,0.0,100.0,160.0,43.0,175.0,89.0,62.0,137.0,883.0,1079.0,110.0,141.0,271.0,30.0,50.0
158,87194ada5ffffff,116.0,19.0,6.0,0.0,89.0,203.0,131.0,234.0,63.0,79.0,101.0,451.0,1125.0,90.0,155.0,248.0,29.0,45.0
159,87194ada6ffffff,96.0,12.0,0.0,0.0,65.0,104.0,10.0,89.0,71.0,29.0,49.0,301.0,600.0,74.0,77.0,232.0,8.0,21.0
160,87194ada8ffffff,65.0,4.0,1.0,0.0,41.0,58.0,1.0,35.0,39.0,10.0,29.0,143.0,451.0,39.0,37.0,158.0,4.0,12.0
161,87194ada9ffffff,79.0,6.0,1.0,0.0,40.0,79.0,6.0,67.0,64.0,23.0,31.0,250.0,550.0,44.0,22.0,183.0,8.0,14.0
162,87194adaaffffff,37.0,0.0,2.0,0.0,12.0,35.0,1.0,16.0,1.0,7.0,8.0,63.0,153.0,30.0,39.0,81.0,1.0,9.0
163,87194adabffffff,71.0,10.0,3.0,0.0,78.0,98.0,14.0,63.0,43.0,25.0,35.0,217.0,750.0,71.0,21.0,193.0,15.0,22.0
164,87194adacffffff,86.0,2.0,2.0,0.0,52.0,85.0,4.0,80.0,30.0,38.0,41.0,223.0,446.0,57.0,42.0,181.0,6.0,14.0
165,87194adadffffff,53.0,11.0,0.0,0.0,63.0,100.0,5.0,102.0,67.0,40.0,49.0,273.0,504.0,52.0,25.0,190.0,6.0,17.0
166,87194adaeffffff,80.0,6.0,0.0,0.0,54.0,72.0,1.0,31.0,34.0,18.0,28.0,134.0,469.0,53.0,36.0,192.0,10.0,13.0
167,87194adb0ffffff,52.0,4.0,0.0,0.0,52.0,86.0,10.0,85.0,38.0,21.0,45.0,185.0,494.0,44.0,25.0,153.0,10.0,19.0
168,87194adb1ffffff,61.0,10.0,30.0,0.0,43.0,43.0,4.0,23.0,16.0,22.0,23.0,96.0,308.0,36.0,48.0,173.0,6.0,14.0
169,87194adb2ffffff,30.0,3.0,16.0,0.0,24.0,51.0,2.0,14.0,18.0,13.0,14.0,78.0,240.0,20.0,15.0,100.0,1.0,9.0
170,87194adb3ffffff,61.0,2.0,37.0,0.0,31.0,34.0,5.0,20.0,19.0,20.0,15.0,85.0,328.0,23.0,30.0,134.0,6.0,7.0
171,87194adb4ffffff,62.0,15.0,0.0,0.0,42.0,56.0,10.0,36.0,24.0,16.0,21.0,105.0,373.0,36.0,15.0,171.0,1.0,15.0
172,87194adb5ffffff,73.0,9.0,1.0,0.0,60.0,98.0,5.0,59.0,45.0,27.0,44.0,185.0,634.0,62.0,38.0,187.0,5.0,23.0
173,87194adb6ffffff,83.0,3.0,0.0,0.0,60.0,79.0,10.0,40.0,42.0,15.0,23.0,141.0,391.0,46.0,19.0,175.0,7.0,15.0
174,87194e600ffffff,13.0,0.0,3.0,0.0,3.0,2.0,0.0,1.0,5.0,0.0,0.0,13.0,33.0,3.0,2.0,28.0,0.0,1.0
175,87194e601ffffff,0.0,0.0,0.0,0.0,0.0,0.0,1.0,0.0,0.0,0.0,0.0,2.0,14.0,0.0,1.0,1.0,0.0,0.0
176,87194e602ffffff,97.0,1.0,1.0,0.0,21.0,63.0,1.0,7.0,19.0,3.0,12.0,112.0,263.0,17.0,11.0,139.0,3.0,9.0
177,87194e603ffffff,15.0,0.0,0.0,0.0,10.0,2.0,0.0,0.0,0.0,1.0,2.0,6.0,36.0,6.0,3.0,34.0,0.0,1.0
178,87194e604ffffff,0.0,0.0,0.0,0.0,0.0,0.0,0.0,0.0,0.0,0.0,0.0,0.0,0.0,0.0,0.0,2.0,0.0,0.0
179,87194e606ffffff,8.0,0.0,0.0,0.0,5.0,2.0,0.0,0.0,0.0,0.0,0.0,3.0,7.0,2.0,5.0,23.0,0.0,0.0
180,87194e608ffffff,17.0,0.0,0.0,0.0,0.0,3.0,0.0,0.0,0.0,1.0,0.0,4.0,18.0,0.0,3.0,29.0,0.0,0.0
181,87194e609ffffff,2.0,0.0,0.0,0.0,0.0,0.0,0.0,0.0,0.0,0.0,0.0,1.0,2.0,1.0,0.0,0.0,0.0,0.0
182,87194e60affffff,19.0,0.0,3.0,0.0,7.0,17.0,0.0,16.0,19.0,2.0,9.0,46.0,108.0,16.0,7.0,54.0,0.0,5.0
183,87194e60bffffff,0.0,0.0,0.0,0.0,0.0,0.0,0.0,0.0,0.0,0.0,0.0,0.0,0.0,0.0,2.0,2.0,0.0,0.0
184,87194e60cffffff,4.0,0.0,1.0,0.0,0.0,2.0,0.0,0.0,0.0,0.0,1.0,4.0,9.0,2.0,1.0,11.0,0.0,0.0
185,87194e60dffffff,0.0,0.0,0.0,0.0,0.0,0.0,0.0,0.0,0.0,0.0,0.0,1.0,0.0,0.0,0.0,17.0,0.0,0.0
186,87194e60effffff,36.0,0.0,0.0,0.0,17.0,13.0,1.0,6.0,3.0,3.0,4.0,27.0,87.0,11.0,6.0,75.0,0.0,1.0
187,87194e610ffffff,19.0,0.0,0.0,0.0,3.0,3.0,0.0,1.0,0.0,2.0,0.0,1.0,21.0,3.0,3.0,19.0,0.0,2.0
188,87194e611ffffff,21.0,0.0,1.0,0.0,8.0,12.0,0.0,0.0,3.0,0.0,2.0,16.0,51.0,11.0,8.0,40.0,1.0,1.0
189,87194e612ffffff,2.0,0.0,0.0,0.0,0.0,0.0,0.0,1.0,0.0,0.0,1.0,2.0,4.0,0.0,3.0,11.0,0.0,0.0
190,87194e613ffffff,62.0,0.0,0.0,0.0,26.0,24.0,1.0,6.0,23.0,4.0,10.0,63.0,196.0,14.0,10.0,96.0,1.0,2.0
191,87194e614ffffff,0.0,0.0,0.0,0.0,0.0,0.0,0.0,0.0,0.0,0.0,0.0,0.0,0.0,0.0,0.0,0.0,0.0,0.0
192,87194e615ffffff,22.0,0.0,0.0,0.0,4.0,5.0,1.0,1.0,4.0,1.0,2.0,7.0,31.0,13.0,1.0,22.0,1.0,0.0
193,87194e616ffffff,0.0,0.0,0.0,0.0,0.0,0.0,0.0,0.0,0.0,0.0,0.0,0.0,0.0,0.0,0.0,0.0,0.0,0.0
194,87194e618ffffff,34.0,0.0,3.0,0.0,29.0,47.0,2.0,20.0,19.0,7.0,9.0,75.0,230.0,23.0,13.0,100.0,6.0,9.0
195,87194e619ffffff,15.0,2.0,0.0,0.0,12.0,11.0,1.0,3.0,6.0,1.0,6.0,19.0,76.0,6.0,14.0,38.0,0.0,2.0
196,87194e61affffff,49.0,1.0,1.0,1.0,12.0,16.0,2.0,5.0,9.0,2.0,3.0,32.0,132.0,16.0,19.0,72.0,5.0,2.0
197,87194e61bffffff,36.0,2.0,1.0,0.0,27.0,29.0,0.0,7.0,25.0,0.0,9.0,53.0,137.0,16.0,12.0,78.0,1.0,6.0
198,87194e61cffffff,49.0,1.0,0.0,0.0,24.0,32.0,2.0,11.0,24.0,6.0,12.0,83.0,271.0,24.0,10.0,110.0,3.0,6.0
199,87194e61dffffff,48.0,7.0,1.0,0.0,16.0,45.0,4.0,29.0,28.0,12.0,20.0,82.0,242.0,14.0,6.0,96.0,7.0,11.0
200,87194e61effffff,90.0,4.0,4.0,0.0,54.0,78.0,9.0,45.0,68.0,17.0,55.0,293.0,601.0,59.0,25.0,182.0,17.0,20.0
201,87194e633ffffff,0.0,0.0,0.0,0.0,0.0,2.0,0.0,0.0,0.0,0.0,0.0,0.0,2.0,0.0,0.0,1.0,0.0,0.0
202,87194e672ffffff,0.0,0.0,0.0,0.0,0.0,0.0,0.0,0.0,0.0,0.0,0.0,0.0,0.0,0.0,0.0,0.0,0.0,0.0
203,87194e680ffffff,56.0,4.0,5.0,0.0,48.0,70.0,2.0,31.0,24.0,8.0,17.0,111.0,410.0,21.0,11.0,154.0,5.0,13.0
204,87194e681ffffff,54.0,13.0,3.0,0.0,30.0,51.0,5.0,27.0,39.0,10.0,12.0,80.0,265.0,27.0,16.0,103.0,5.0,11.0
205,87194e682ffffff,83.0,1.0,0.0,0.0,26.0,46.0,5.0,15.0,18.0,6.0,16.0,84.0,218.0,27.0,39.0,121.0,5.0,11.0
206,87194e683ffffff,68.0,8.0,1.0,0.0,37.0,62.0,4.0,40.0,20.0,12.0,25.0,100.0,289.0,42.0,18.0,119.0,10.0,10.0
207,87194e684ffffff,32.0,8.0,0.0,0.0,8.0,33.0,2.0,16.0,23.0,4.0,7.0,71.0,172.0,20.0,11.0,73.0,1.0,9.0
208,87194e685ffffff,37.0,0.0,0.0,0.0,19.0,29.0,0.0,3.0,19.0,2.0,6.0,53.0,151.0,19.0,10.0,74.0,4.0,2.0
209,87194e686ffffff,52.0,1.0,3.0,0.0,38.0,47.0,1.0,20.0,28.0,9.0,20.0,63.0,273.0,21.0,17.0,113.0,1.0,9.0
210,87194e688ffffff,78.0,5.0,14.0,0.0,54.0,64.0,8.0,51.0,69.0,7.0,26.0,299.0,537.0,40.0,17.0,190.0,22.0,14.0
211,87194e689ffffff,30.0,0.0,17.0,0.0,6.0,9.0,2.0,6.0,16.0,0.0,9.0,79.0,106.0,7.0,24.0,149.0,8.0,2.0
212,87194e68affffff,98.0,8.0,0.0,0.0,62.0,98.0,6.0,48.0,115.0,12.0,42.0,569.0,685.0,46.0,22.0,204.0,8.0,16.0
213,87194e68bffffff,69.0,3.0,1.0,0.0,30.0,34.0,1.0,6.0,17.0,0.0,3.0,75.0,169.0,22.0,23.0,133.0,5.0,10.0
214,87194e68cffffff,71.0,2.0,5.0,0.0,84.0,92.0,22.0,55.0,80.0,13.0,37.0,426.0,735.0,50.0,21.0,178.0,29.0,28.0
215,87194e68dffffff,71.0,7.0,15.0,0.0,36.0,57.0,5.0,21.0,53.0,7.0,24.0,175.0,345.0,36.0,24.0,131.0,11.0,12.0
216,87194e68effffff,40.0,2.0,0.0,0.0,30.0,34.0,3.0,17.0,41.0,8.0,22.0,169.0,285.0,15.0,17.0,125.0,1.0,11.0
217,87194e690ffffff,43.0,4.0,11.0,0.0,30.0,18.0,5.0,7.0,22.0,7.0,16.0,151.0,288.0,27.0,26.0,150.0,4.0,10.0
218,87194e691ffffff,96.0,13.0,5.0,0.0,51.0,75.0,3.0,58.0,86.0,17.0,70.0,330.0,550.0,49.0,43.0,161.0,6.0,24.0
219,87194e692ffffff,92.0,1.0,0.0,0.0,39.0,46.0,5.0,24.0,49.0,11.0,18.0,144.0,345.0,30.0,29.0,151.0,8.0,21.0
220,87194e693ffffff,89.0,14.0,18.0,0.0,58.0,47.0,4.0,38.0,61.0,17.0,42.0,290.0,502.0,53.0,33.0,148.0,12.0,18.0
221,87194e694ffffff,38.0,0.0,11.0,0.0,24.0,7.0,4.0,8.0,19.0,0.0,5.0,62.0,159.0,16.0,7.0,106.0,3.0,7.0
222,87194e695ffffff,54.0,2.0,5.0,0.0,31.0,45.0,2.0,12.0,34.0,7.0,21.0,132.0,256.0,40.0,18.0,131.0,1.0,8.0
223,87194e696ffffff,74.0,4.0,4.0,0.0,39.0,52.0,4.0,18.0,35.0,8.0,25.0,162.0,296.0,31.0,27.0,123.0,4.0,29.0
224,87194e698ffffff,64.0,5.0,8.0,0.0,24.0,32.0,2.0,16.0,22.0,18.0,17.0,98.0,171.0,30.0,34.0,100.0,1.0,13.0
225,87194e699ffffff,74.0,15.0,15.0,0.0,53.0,59.0,18.0,84.0,76.0,30.0,53.0,348.0,510.0,50.0,47.0,186.0,12.0,23.0
226,87194e69affffff,147.0,5.0,0.0,0.0,73.0,114.0,11.0,77.0,86.0,52.0,61.0,314.0,611.0,74.0,87.0,230.0,7.0,34.0
227,87194e69bffffff,86.0,5.0,26.0,0.0,59.0,59.0,11.0,36.0,58.0,27.0,43.0,206.0,398.0,37.0,69.0,174.0,13.0,16.0
228,87194e69cffffff,72.0,2.0,0.0,0.0,70.0,70.0,5.0,65.0,81.0,20.0,53.0,302.0,609.0,46.0,32.0,186.0,12.0,25.0
229,87194e69dffffff,83.0,6.0,0.0,0.0,62.0,73.0,3.0,44.0,72.0,23.0,30.0,221.0,569.0,33.0,45.0,185.0,9.0,16.0
230,87194e69effffff,33.0,2.0,19.0,0.0,18.0,15.0,2.0,6.0,9.0,4.0,9.0,72.0,187.0,25.0,28.0,120.0,0.0,7.0
231,87194e6a1ffffff,47.0,0.0,0.0,0.0,15.0,15.0,1.0,0.0,4.0,0.0,1.0,43.0,155.0,11.0,7.0,73.0,4.0,3.0
232,87194e6a3ffffff,10.0,2.0,0.0,0.0,0.0,5.0,0.0,2.0,0.0,0.0,2.0,4.0,39.0,4.0,1.0,15.0,0.0,0.0
233,87194e6a5ffffff,0.0,0.0,0.0,0.0,0.0,0.0,0.0,0.0,0.0,0.0,0.0,0.0,0.0,0.0,0.0,0.0,0.0,0.0
234,87194e6a8ffffff,48.0,0.0,1.0,0.0,38.0,37.0,1.0,12.0,18.0,2.0,7.0,83.0,178.0,25.0,9.0,102.0,2.0,9.0
235,87194e6a9ffffff,68.0,1.0,0.0,0.0,21.0,33.0,1.0,7.0,45.0,3.0,16.0,109.0,259.0,17.0,8.0,160.0,2.0,11.0
236,87194e6aaffffff,49.0,4.0,2.0,0.0,40.0,46.0,2.0,4.0,12.0,2.0,7.0,81.0,255.0,12.0,9.0,122.0,4.0,9.0
237,87194e6abffffff,58.0,2.0,5.0,0.0,33.0,59.0,3.0,31.0,66.0,6.0,21.0,182.0,424.0,29.0,11.0,118.0,6.0,7.0
238,87194e6acffffff,17.0,0.0,0.0,0.0,6.0,4.0,1.0,1.0,3.0,1.0,0.0,11.0,30.0,9.0,1.0,25.0,0.0,2.0
239,87194e6adffffff,33.0,0.0,1.0,0.0,16.0,27.0,1.0,9.0,15.0,2.0,2.0,47.0,158.0,9.0,2.0,77.0,2.0,3.0
240,87194e6aeffffff,27.0,5.0,4.0,0.0,18.0,12.0,2.0,12.0,10.0,1.0,7.0,55.0,124.0,24.0,5.0,46.0,1.0,6.0
241,87194e6b0ffffff,14.0,0.0,1.0,0.0,8.0,2.0,0.0,0.0,0.0,0.0,1.0,1.0,12.0,1.0,1.0,14.0,0.0,1.0
242,87194e6b1ffffff,28.0,2.0,0.0,0.0,12.0,8.0,2.0,19.0,0.0,5.0,5.0,19.0,81.0,9.0,6.0,36.0,2.0,4.0
243,87194e6b2ffffff,30.0,2.0,12.0,0.0,10.0,6.0,0.0,1.0,7.0,0.0,8.0,47.0,132.0,9.0,11.0,92.0,3.0,4.0
244,87194e6b3ffffff,62.0,0.0,1.0,0.0,27.0,39.0,1.0,15.0,22.0,5.0,15.0,66.0,230.0,15.0,20.0,95.0,7.0,4.0
245,87194e6b5ffffff,0.0,0.0,0.0,0.0,0.0,0.0,0.0,0.0,0.0,0.0,0.0,0.0,0.0,0.0,0.0,0.0,0.0,0.0
246,87194e6b6ffffff,25.0,1.0,12.0,0.0,11.0,5.0,1.0,1.0,9.0,3.0,3.0,37.0,132.0,8.0,10.0,96.0,4.0,2.0
247,87194e6c0ffffff,64.0,1.0,0.0,0.0,22.0,20.0,0.0,3.0,22.0,3.0,5.0,58.0,218.0,21.0,9.0,108.0,4.0,8.0
248,87194e6c1ffffff,18.0,0.0,5.0,0.0,5.0,7.0,0.0,0.0,1.0,0.0,1.0,34.0,90.0,3.0,6.0,49.0,1.0,2.0
249,87194e6c2ffffff,78.0,4.0,0.0,0.0,25.0,43.0,0.0,20.0,34.0,11.0,13.0,140.0,301.0,19.0,10.0,110.0,9.0,9.0
250,87194e6c3ffffff,47.0,1.0,7.0,0.0,18.0,20.0,3.0,14.0,21.0,10.0,10.0,72.0,185.0,23.0,14.0,94.0,5.0,10.0
251,87194e6c4ffffff,19.0,1.0,13.0,1.0,10.0,12.0,1.0,4.0,11.0,1.0,4.0,32.0,80.0,7.0,9.0,31.0,4.0,6.0
252,87194e6c5ffffff,4.0,0.0,1.0,0.0,2.0,0.0,0.0,0.0,0.0,1.0,0.0,12.0,36.0,3.0,4.0,15.0,0.0,1.0
253,87194e6c6ffffff,69.0,1.0,0.0,0.0,25.0,29.0,1.0,4.0,30.0,11.0,13.0,78.0,215.0,21.0,14.0,141.0,4.0,6.0
254,87194e6ceffffff,0.0,0.0,0.0,0.0,0.0,0.0,0.0,0.0,0.0,0.0,0.0,0.0,0.0,0.0,0.0,0.0,0.0,0.0
255,87194e6d0ffffff,83.0,2.0,0.0,0.0,35.0,37.0,2.0,24.0,49.0,7.0,14.0,127.0,323.0,34.0,15.0,139.0,4.0,9.0
256,87194e6d1ffffff,60.0,1.0,0.0,0.0,31.0,40.0,1.0,26.0,37.0,13.0,19.0,124.0,305.0,20.0,16.0,110.0,0.0,10.0
257,87194e6d2ffffff,84.0,3.0,0.0,0.0,53.0,65.0,2.0,21.0,35.0,15.0,17.0,101.0,260.0,31.0,33.0,146.0,11.0,14.0
258,87194e6d3ffffff,50.0,1.0,0.0,0.0,9.0,12.0,0.0,2.0,10.0,5.0,5.0,19.0,71.0,6.0,9.0,76.0,1.0,6.0
259,87194e6d4ffffff,60.0,0.0,3.0,0.0,19.0,24.0,1.0,1.0,10.0,2.0,3.0,42.0,96.0,15.0,12.0,99.0,6.0,5.0
260,87194e6d5ffffff,71.0,1.0,0.0,0.0,22.0,26.0,4.0,4.0,8.0,1.0,4.0,27.0,114.0,15.0,14.0,76.0,1.0,2.0
261,87194e6d6ffffff,68.0,3.0,42.0,1.0,23.0,21.0,2.0,17.0,26.0,12.0,20.0,108.0,216.0,31.0,21.0,102.0,7.0,7.0
262,87194e6d8ffffff,36.0,1.0,0.0,0.0,29.0,18.0,0.0,3.0,7.0,2.0,1.0,17.0,109.0,12.0,8.0,75.0,1.0,5.0
263,87194e6d9ffffff,13.0,0.0,0.0,0.0,2.0,3.0,2.0,4.0,2.0,0.0,0.0,10.0,23.0,2.0,1.0,17.0,1.0,1.0
264,87194e6daffffff,62.0,1.0,2.0,0.0,21.0,50.0,3.0,31.0,14.0,8.0,19.0,83.0,272.0,32.0,7.0,120.0,2.0,10.0
265,87194e6dbffffff,47.0,0.0,6.0,0.0,13.0,24.0,1.0,5.0,15.0,2.0,10.0,59.0,149.0,19.0,14.0,83.0,2.0,8.0
266,87194e6dcffffff,63.0,0.0,4.0,0.0,14.0,44.0,6.0,35.0,16.0,13.0,10.0,67.0,243.0,20.0,12.0,114.0,4.0,5.0
267,87194e6ddffffff,18.0,1.0,5.0,0.0,3.0,17.0,0.0,7.0,3.0,6.0,6.0,32.0,90.0,13.0,3.0,37.0,1.0,4.0
268,87194e6deffffff,57.0,0.0,3.0,0.0,26.0,38.0,0.0,14.0,22.0,10.0,11.0,73.0,233.0,16.0,9.0,106.0,1.0,3.0
269,87194e6e0ffffff,4.0,0.0,0.0,0.0,0.0,0.0,2.0,1.0,0.0,0.0,1.0,3.0,20.0,3.0,1.0,22.0,1.0,0.0
270,87194e6e2ffffff,10.0,0.0,6.0,0.0,6.0,2.0,0.0,0.0,5.0,0.0,0.0,3.0,23.0,3.0,2.0,35.0,0.0,0.0
271,87194e6e3ffffff,0.0,0.0,0.0,0.0,2.0,0.0,0.0,0.0,0.0,0.0,0.0,1.0,11.0,0.0,2.0,5.0,0.0,0.0
272,87194e6e4ffffff,0.0,0.0,0.0,1.0,1.0,1.0,0.0,0.0,0.0,0.0,0.0,4.0,10.0,3.0,4.0,14.0,0.0,0.0
273,87194e6e5ffffff,0.0,0.0,0.0,0.0,0.0,0.0,0.0,0.0,0.0,0.0,0.0,0.0,0.0,0.0,1.0,0.0,0.0,0.0
274,87194e6e6ffffff,16.0,0.0,1.0,0.0,5.0,9.0,1.0,0.0,5.0,1.0,3.0,14.0,52.0,8.0,7.0,43.0,0.0,2.0
275,87194e6f0ffffff,25.0,3.0,13.0,0.0,6.0,7.0,1.0,7.0,9.0,2.0,1.0,33.0,93.0,6.0,2.0,122.0,0.0,5.0
276,87194e6f1ffffff,10.0,0.0,25.0,1.0,2.0,1.0,0.0,0.0,0.0,0.0,0.0,32.0,101.0,1.0,7.0,59.0,2.0,0.0
277,87194e6f2ffffff,42.0,2.0,3.0,0.0,11.0,6.0,0.0,0.0,7.0,0.0,1.0,47.0,102.0,8.0,19.0,99.0,2.0,8.0
278,87194e6f3ffffff,22.0,0.0,7.0,0.0,19.0,3.0,0.0,0.0,0.0,0.0,3.0,14.0,79.0,12.0,19.0,55.0,5.0,6.0
279,87194e6f4ffffff,62.0,4.0,1.0,0.0,25.0,48.0,3.0,9.0,48.0,4.0,17.0,146.0,293.0,30.0,14.0,129.0,5.0,9.0
280,87194e6f5ffffff,54.0,3.0,3.0,0.0,26.0,13.0,0.0,7.0,20.0,2.0,9.0,63.0,245.0,16.0,11.0,136.0,3.0,5.0
281,87194e6f6ffffff,45.0,2.0,0.0,0.0,23.0,22.0,1.0,2.0,14.0,1.0,1.0,38.0,112.0,24.0,12.0,114.0,2.0,8.0
282,87195d344ffffff,1.0,0.0,1.0,0.0,0.0,1.0,0.0,0.0,0.0,1.0,0.0,2.0,8.0,0.0,2.0,5.0,0.0,0.0
283,87195d345ffffff,1.0,0.0,3.0,0.0,0.0,0.0,0.0,0.0,0.0,0.0,0.0,1.0,5.0,0.0,2.0,5.0,0.0,1.0
284,87195d360ffffff,53.0,5.0,0.0,1.0,0.0,7.0,15.0,10.0,4.0,10.0,13.0,61.0,108.0,6.0,6.0,89.0,2.0,2.0
285,87195d361ffffff,51.0,4.0,1.0,0.0,9.0,18.0,2.0,7.0,12.0,3.0,4.0,44.0,170.0,17.0,13.0,123.0,3.0,7.0
286,87195d362ffffff,52.0,2.0,7.0,0.0,4.0,1.0,6.0,12.0,5.0,5.0,6.0,54.0,88.0,4.0,6.0,62.0,5.0,2.0
287,87195d363ffffff,40.0,3.0,0.0,0.0,1.0,1.0,2.0,7.0,1.0,1.0,5.0,34.0,73.0,3.0,6.0,74.0,0.0,1.0
288,87195d364ffffff,49.0,1.0,0.0,0.0,14.0,20.0,5.0,5.0,12.0,4.0,3.0,50.0,178.0,13.0,12.0,84.0,2.0,5.0
289,87195d365ffffff,47.0,0.0,5.0,0.0,11.0,8.0,8.0,4.0,11.0,3.0,3.0,20.0,99.0,9.0,11.0,86.0,0.0,3.0
290,87195d366ffffff,37.0,1.0,0.0,0.0,13.0,6.0,5.0,3.0,5.0,4.0,0.0,21.0,78.0,8.0,9.0,63.0,0.0,4.0
291,87195d368ffffff,4.0,0.0,3.0,0.0,2.0,1.0,0.0,1.0,1.0,0.0,0.0,4.0,7.0,4.0,4.0,15.0,0.0,3.0
292,87195d369ffffff,1.0,0.0,4.0,0.0,0.0,0.0,0.0,0.0,0.0,0.0,0.0,0.0,1.0,0.0,1.0,3.0,0.0,0.0
293,87195d36affffff,0.0,0.0,0.0,0.0,0.0,0.0,0.0,0.0,0.0,0.0,0.0,0.0,1.0,0.0,0.0,1.0,0.0,0.0
294,87195d36cffffff,62.0,1.0,4.0,0.0,34.0,41.0,6.0,15.0,32.0,3.0,11.0,95.0,247.0,45.0,25.0,122.0,4.0,6.0
295,87195d36dffffff,53.0,1.0,1.0,0.0,24.0,36.0,1.0,5.0,5.0,2.0,6.0,29.0,162.0,24.0,19.0,87.0,0.0,7.0
296,87195d36effffff,23.0,0.0,2.0,0.0,10.0,4.0,1.0,1.0,0.0,2.0,0.0,11.0,98.0,1.0,14.0,57.0,2.0,1.0
297,87195d371ffffff,2.0,0.0,3.0,0.0,2.0,1.0,1.0,0.0,0.0,0.0,0.0,2.0,15.0,0.0,0.0,15.0,0.0,0.0
298,87195d375ffffff,1.0,0.0,3.0,0.0,0.0,0.0,1.0,0.0,0.0,0.0,0.0,3.0,19.0,0.0,5.0,14.0,0.0,0.0
299,87195da08ffffff,0.0,0.0,0.0,0.0,0.0,0.0,0.0,0.0,0.0,0.0,0.0,0.0,0.0,0.0,0.0,0.0,0.0,0.0
300,87195da09ffffff,9.0,0.0,0.0,0.0,4.0,4.0,0.0,0.0,0.0,0.0,0.0,4.0,23.0,4.0,9.0,28.0,0.0,2.0
301,87195da0bffffff,11.0,0.0,1.0,0.0,4.0,9.0,1.0,1.0,1.0,0.0,0.0,8.0,39.0,12.0,21.0,26.0,1.0,4.0
302,87195da0dffffff,0.0,0.0,0.0,0.0,0.0,0.0,0.0,0.0,0.0,0.0,0.0,0.0,0.0,2.0,1.0,0.0,0.0,0.0
303,87195da40ffffff,107.0,5.0,2.0,0.0,42.0,83.0,12.0,49.0,13.0,5.0,25.0,200.0,475.0,46.0,18.0,155.0,2.0,11.0
304,87195da41ffffff,51.0,4.0,8.0,0.0,18.0,54.0,6.0,34.0,10.0,12.0,23.0,126.0,170.0,20.0,121.0,112.0,0.0,8.0
305,87195da42ffffff,83.0,8.0,7.0,0.0,42.0,69.0,6.0,55.0,52.0,9.0,44.0,297.0,514.0,30.0,18.0,176.0,12.0,33.0
306,87195da43ffffff,87.0,1.0,1.0,0.0,35.0,71.0,7.0,41.0,35.0,10.0,26.0,120.0,404.0,49.0,36.0,137.0,3.0,9.0
307,87195da44ffffff,81.0,6.0,1.0,0.0,52.0,88.0,5.0,46.0,26.0,10.0,19.0,133.0,497.0,48.0,16.0,134.0,9.0,23.0
308,87195da45ffffff,63.0,9.0,3.0,0.0,32.0,56.0,0.0,21.0,14.0,11.0,22.0,97.0,245.0,39.0,22.0,108.0,1.0,7.0
309,87195da46ffffff,45.0,2.0,4.0,0.0,32.0,38.0,1.0,5.0,5.0,1.0,5.0,41.0,185.0,20.0,7.0,99.0,3.0,10.0
310,87195da48ffffff,88.0,16.0,4.0,0.0,86.0,362.0,51.0,149.0,61.0,58.0,85.0,470.0,1183.0,78.0,180.0,197.0,31.0,42.0
311,87195da49ffffff,141.0,63.0,2.0,0.0,180.0,594.0,107.0,934.0,226.0,344.0,376.0,2171.0,5413.0,412.0,605.0,428.0,104.0,177.0
312,87195da4affffff,109.0,18.0,5.0,0.0,112.0,172.0,10.0,124.0,55.0,37.0,64.0,357.0,794.0,93.0,99.0,218.0,15.0,43.0
313,87195da4bffffff,76.0,20.0,10.0,0.0,46.0,85.0,163.0,182.0,47.0,42.0,80.0,245.0,687.0,43.0,151.0,166.0,42.0,34.0
314,87195da4cffffff,105.0,14.0,12.0,0.0,93.0,157.0,15.0,144.0,92.0,78.0,87.0,441.0,965.0,98.0,110.0,229.0,11.0,56.0
315,87195da4dffffff,126.0,35.0,8.0,1.0,197.0,259.0,134.0,327.0,129.0,141.0,203.0,567.0,2085.0,166.0,300.0,274.0,38.0,218.0
316,87195da4effffff,106.0,15.0,0.0,0.0,103.0,150.0,16.0,139.0,57.0,28.0,62.0,280.0,805.0,75.0,87.0,228.0,14.0,38.0
317,87195da50ffffff,66.0,4.0,0.0,0.0,39.0,63.0,1.0,33.0,39.0,6.0,18.0,229.0,343.0,33.0,11.0,120.0,4.0,12.0
318,87195da51ffffff,33.0,0.0,5.0,0.0,24.0,26.0,1.0,19.0,28.0,11.0,5.0,76.0,277.0,31.0,11.0,91.0,5.0,9.0
319,87195da52ffffff,54.0,0.0,0.0,0.0,35.0,47.0,1.0,19.0,16.0,7.0,5.0,82.0,271.0,26.0,6.0,103.0,0.0,8.0
320,87195da53ffffff,44.0,4.0,1.0,0.0,24.0,43.0,2.0,11.0,24.0,5.0,7.0,58.0,170.0,17.0,9.0,91.0,2.0,5.0
321,87195da54ffffff,80.0,5.0,3.0,0.0,51.0,84.0,4.0,39.0,42.0,4.0,23.0,180.0,522.0,23.0,16.0,129.0,10.0,12.0
322,87195da55ffffff,71.0,2.0,3.0,0.0,35.0,38.0,2.0,18.0,18.0,4.0,10.0,76.0,241.0,23.0,19.0,133.0,7.0,9.0
323,87195da56ffffff,53.0,5.0,1.0,0.0,34.0,50.0,3.0,23.0,8.0,6.0,8.0,63.0,304.0,29.0,20.0,88.0,2.0,5.0
324,87195da58ffffff,90.0,11.0,0.0,0.0,44.0,72.0,7.0,50.0,87.0,13.0,39.0,274.0,489.0,30.0,33.0,211.0,13.0,18.0
325,87195da59ffffff,76.0,4.0,3.0,0.0,41.0,58.0,3.0,43.0,29.0,11.0,29.0,123.0,439.0,55.0,32.0,144.0,5.0,27.0
326,87195da5affffff,60.0,3.0,7.0,0.0,31.0,25.0,1.0,15.0,13.0,1.0,10.0,168.0,376.0,15.0,12.0,162.0,12.0,13.0
327,87195da5bffffff,102.0,5.0,2.0,0.0,25.0,29.0,5.0,14.0,29.0,8.0,27.0,189.0,476.0,35.0,8.0,180.0,2.0,6.0
328,87195da5cffffff,74.0,6.0,0.0,0.0,27.0,32.0,2.0,10.0,24.0,5.0,11.0,137.0,353.0,20.0,19.0,118.0,4.0,3.0
329,87195da5dffffff,76.0,8.0,0.0,0.0,59.0,86.0,9.0,67.0,54.0,24.0,48.0,195.0,490.0,47.0,22.0,166.0,4.0,16.0
330,87195da5effffff,71.0,6.0,1.0,0.0,25.0,32.0,10.0,43.0,51.0,10.0,27.0,180.0,348.0,28.0,13.0,131.0,8.0,11.0
331,87195da60ffffff,59.0,4.0,10.0,0.0,37.0,47.0,7.0,12.0,24.0,4.0,12.0,85.0,280.0,34.0,19.0,118.0,2.0,5.0
332,87195da61ffffff,80.0,9.0,0.0,0.0,54.0,61.0,4.0,46.0,60.0,21.0,42.0,222.0,480.0,50.0,19.0,156.0,12.0,18.0
333,87195da62ffffff,76.0,4.0,3.0,0.0,61.0,95.0,5.0,45.0,31.0,10.0,30.0,149.0,580.0,41.0,18.0,141.0,4.0,20.0
334,87195da63ffffff,46.0,0.0,1.0,0.0,28.0,55.0,4.0,21.0,13.0,5.0,12.0,85.0,219.0,33.0,8.0,109.0,1.0,6.0
335,87195da64ffffff,69.0,5.0,0.0,0.0,45.0,41.0,1.0,24.0,21.0,9.0,19.0,83.0,321.0,31.0,18.0,109.0,2.0,9.0
336,87195da65ffffff,46.0,2.0,2.0,0.0,37.0,68.0,2.0,23.0,18.0,12.0,23.0,101.0,405.0,43.0,21.0,123.0,5.0,11.0
337,87195da66ffffff,46.0,1.0,5.0,0.0,25.0,39.0,1.0,16.0,16.0,2.0,10.0,53.0,222.0,20.0,9.0,90.0,0.0,10.0
338,87195da68ffffff,97.0,19.0,0.0,0.0,71.0,93.0,15.0,101.0,82.0,40.0,71.0,312.0,593.0,67.0,47.0,201.0,14.0,46.0
339,87195da69ffffff,126.0,3.0,0.0,0.0,80.0,100.0,14.0,116.0,89.0,72.0,83.0,350.0,752.0,86.0,75.0,271.0,7.0,40.0
340,87195da6affffff,104.0,7.0,1.0,0.0,61.0,107.0,5.0,67.0,38.0,34.0,50.0,169.0,512.0,53.0,86.0,195.0,11.0,16.0
341,87195da6bffffff,109.0,10.0,0.0,0.0,70.0,103.0,9.0,79.0,76.0,43.0,75.0,289.0,766.0,95.0,84.0,227.0,16.0,64.0
342,87195da6cffffff,76.0,6.0,0.0,0.0,51.0,92.0,5.0,63.0,61.0,20.0,43.0,326.0,552.0,53.0,31.0,184.0,4.0,14.0
343,87195da6dffffff,95.0,3.0,3.0,0.0,86.0,96.0,8.0,69.0,53.0,20.0,47.0,353.0,522.0,54.0,74.0,230.0,8.0,36.0
344,87195da6effffff,73.0,0.0,0.0,1.0,71.0,99.0,6.0,68.0,36.0,22.0,46.0,202.0,488.0,67.0,34.0,160.0,6.0,15.0
345,87195da70ffffff,14.0,0.0,0.0,0.0,4.0,0.0,0.0,0.0,0.0,0.0,0.0,2.0,18.0,9.0,5.0,12.0,0.0,2.0
346,87195da71ffffff,38.0,0.0,4.0,0.0,10.0,9.0,1.0,0.0,0.0,0.0,2.0,10.0,58.0,19.0,17.0,43.0,1.0,1.0
347,87195da72ffffff,14.0,1.0,1.0,0.0,7.0,2.0,4.0,3.0,1.0,1.0,2.0,7.0,39.0,6.0,7.0,42.0,1.0,2.0
348,87195da73ffffff,55.0,1.0,0.0,0.0,29.0,27.0,0.0,16.0,6.0,3.0,10.0,53.0,214.0,17.0,22.0,84.0,7.0,5.0
349,87195da74ffffff,66.0,2.0,1.0,0.0,29.0,71.0,1.0,19.0,20.0,9.0,18.0,99.0,315.0,22.0,14.0,107.0,7.0,11.0
350,87195da75ffffff,64.0,2.0,0.0,0.0,20.0,18.0,3.0,8.0,9.0,3.0,14.0,46.0,174.0,17.0,8.0,70.0,5.0,4.0
351,87195da76ffffff,7.0,0.0,4.0,0.0,3.0,5.0,1.0,0.0,0.0,0.0,0.0,10.0,53.0,13.0,6.0,18.0,1.0,0.0
352,87195da89ffffff,0.0,0.0,0.0,0.0,0.0,0.0,0.0,0.0,0.0,0.0,0.0,0.0,0.0,0.0,0.0,2.0,0.0,0.0
353,87195da8dffffff,2.0,0.0,0.0,0.0,0.0,0.0,0.0,0.0,0.0,0.0,0.0,0.0,1.0,0.0,0.0,2.0,0.0,0.0
354,87195dac0ffffff,48.0,5.0,0.0,0.0,29.0,53.0,2.0,31.0,30.0,12.0,15.0,111.0,325.0,27.0,15.0,110.0,4.0,10.0
355,87195dac1ffffff,21.0,8.0,0.0,1.0,14.0,13.0,3.0,3.0,7.0,2.0,8.0,48.0,118.0,28.0,7.0,82.0,0.0,5.0
356,87195dac2ffffff,23.0,6.0,1.0,0.0,7.0,14.0,1.0,6.0,12.0,5.0,6.0,28.0,112.0,10.0,18.0,53.0,0.0,5.0
357,87195dac3ffffff,14.0,0.0,1.0,0.0,5.0,4.0,0.0,1.0,2.0,0.0,0.0,11.0,49.0,2.0,3.0,27.0,1.0,1.0
358,87195dac4ffffff,35.0,2.0,0.0,0.0,24.0,25.0,3.0,8.0,12.0,5.0,2.0,29.0,166.0,15.0,16.0,90.0,3.0,4.0
359,87195dac5ffffff,39.0,3.0,0.0,0.0,31.0,41.0,0.0,14.0,21.0,6.0,10.0,68.0,208.0,18.0,10.0,90.0,1.0,7.0
360,87195dac6ffffff,22.0,2.0,1.0,0.0,11.0,3.0,1.0,3.0,0.0,3.0,1.0,16.0,63.0,6.0,9.0,33.0,1.0,8.0
361,87195dac8ffffff,45.0,0.0,1.0,0.0,34.0,48.0,4.0,36.0,52.0,2.0,11.0,280.0,276.0,24.0,11.0,133.0,5.0,11.0
362,87195dac9ffffff,42.0,2.0,10.0,0.0,32.0,38.0,6.0,18.0,17.0,5.0,11.0,157.0,283.0,20.0,15.0,119.0,5.0,13.0
363,87195dacaffffff,65.0,0.0,2.0,0.0,35.0,49.0,5.0,26.0,56.0,10.0,14.0,193.0,400.0,36.0,21.0,148.0,6.0,11.0
364,87195dacbffffff,30.0,3.0,13.0,0.0,13.0,8.0,1.0,2.0,11.0,2.0,5.0,122.0,244.0,22.0,18.0,92.0,0.0,3.0
365,87195daccffffff,62.0,0.0,2.0,0.0,23.0,31.0,1.0,7.0,32.0,3.0,4.0,78.0,167.0,21.0,29.0,123.0,1.0,5.0
366,87195dacdffffff,68.0,1.0,6.0,0.0,29.0,38.0,3.0,9.0,22.0,3.0,6.0,83.0,200.0,24.0,25.0,101.0,3.0,5.0
367,87195daceffffff,39.0,0.0,1.0,0.0,21.0,14.0,1.0,4.0,15.0,1.0,2.0,38.0,117.0,8.0,9.0,71.0,1.0,7.0
368,87195dad0ffffff,0.0,0.0,0.0,0.0,0.0,0.0,0.0,0.0,0.0,0.0,0.0,0.0,0.0,0.0,3.0,0.0,0.0,0.0
369,87195dad1ffffff,1.0,0.0,5.0,0.0,0.0,0.0,0.0,1.0,0.0,0.0,0.0,1.0,4.0,1.0,8.0,12.0,0.0,1.0
370,87195dad4ffffff,18.0,0.0,12.0,0.0,8.0,19.0,1.0,3.0,4.0,4.0,2.0,18.0,71.0,7.0,5.0,38.0,1.0,4.0
371,87195dad5ffffff,10.0,0.0,6.0,0.0,0.0,0.0,0.0,0.0,3.0,0.0,0.0,6.0,32.0,3.0,12.0,29.0,0.0,2.0
372,87195dad8ffffff,47.0,0.0,9.0,0.0,23.0,30.0,8.0,5.0,16.0,3.0,3.0,57.0,191.0,15.0,13.0,136.0,1.0,4.0
373,87195dad9ffffff,40.0,0.0,1.0,0.0,16.0,15.0,1.0,2.0,6.0,2.0,2.0,47.0,160.0,12.0,17.0,120.0,2.0,5.0
374,87195dadaffffff,0.0,0.0,0.0,0.0,0.0,0.0,0.0,0.0,0.0,0.0,0.0,0.0,0.0,0.0,0.0,0.0,0.0,0.0
375,87195dadbffffff,21.0,2.0,12.0,0.0,6.0,19.0,5.0,8.0,23.0,3.0,11.0,81.0,181.0,12.0,11.0,58.0,2.0,6.0
376,87195dadcffffff,45.0,9.0,3.0,0.0,21.0,51.0,6.0,14.0,20.0,4.0,14.0,79.0,199.0,31.0,18.0,84.0,8.0,9.0
377,87195daddffffff,68.0,1.0,0.0,0.0,20.0,39.0,2.0,8.0,19.0,3.0,4.0,60.0,182.0,15.0,15.0,95.0,3.0,7.0
378,87195dadeffffff,14.0,0.0,11.0,0.0,9.0,23.0,1.0,16.0,14.0,9.0,8.0,89.0,220.0,13.0,10.0,83.0,5.0,6.0
379,87195dae0ffffff,24.0,1.0,3.0,0.0,25.0,22.0,0.0,20.0,7.0,2.0,7.0,29.0,120.0,22.0,10.0,74.0,2.0,5.0
380,87195dae1ffffff,46.0,6.0,0.0,0.0,47.0,69.0,5.0,30.0,37.0,9.0,10.0,144.0,411.0,22.0,10.0,130.0,10.0,24.0
381,87195dae2ffffff,37.0,0.0,0.0,0.0,11.0,24.0,0.0,7.0,9.0,1.0,3.0,21.0,81.0,7.0,7.0,62.0,0.0,3.0
382,87195dae3ffffff,45.0,7.0,2.0,0.0,32.0,56.0,0.0,25.0,28.0,9.0,19.0,87.0,305.0,26.0,18.0,124.0,3.0,5.0
383,87195dae4ffffff,8.0,0.0,1.0,0.0,1.0,2.0,1.0,0.0,0.0,0.0,0.0,1.0,4.0,0.0,13.0,7.0,0.0,0.0
384,87195dae5ffffff,35.0,1.0,2.0,0.0,12.0,25.0,0.0,7.0,13.0,3.0,3.0,30.0,143.0,19.0,12.0,72.0,2.0,2.0
385,87195dae6ffffff,0.0,0.0,0.0,0.0,0.0,0.0,0.0,0.0,0.0,0.0,0.0,0.0,0.0,0.0,0.0,4.0,0.0,0.0
386,87195dae8ffffff,40.0,3.0,1.0,0.0,22.0,38.0,2.0,11.0,15.0,4.0,4.0,73.0,131.0,32.0,12.0,90.0,3.0,12.0
387,87195dae9ffffff,46.0,7.0,4.0,0.0,19.0,25.0,2.0,9.0,15.0,3.0,12.0,93.0,325.0,29.0,15.0,115.0,3.0,5.0
388,87195daeaffffff,80.0,3.0,1.0,0.0,35.0,33.0,2.0,15.0,43.0,7.0,11.0,133.0,266.0,18.0,7.0,127.0,2.0,5.0
389,87195daebffffff,42.0,6.0,3.0,0.0,16.0,31.0,2.0,8.0,13.0,2.0,7.0,89.0,231.0,22.0,10.0,101.0,3.0,14.0
390,87195daecffffff,56.0,14.0,0.0,0.0,35.0,67.0,4.0,42.0,49.0,10.0,28.0,159.0,440.0,33.0,13.0,112.0,9.0,9.0
391,87195daedffffff,80.0,10.0,1.0,0.0,53.0,66.0,10.0,54.0,51.0,14.0,23.0,246.0,438.0,52.0,12.0,165.0,10.0,11.0
392,87195daeeffffff,65.0,10.0,0.0,0.0,53.0,64.0,6.0,29.0,46.0,14.0,13.0,159.0,468.0,34.0,14.0,132.0,7.0,19.0
393,87195daf0ffffff,10.0,0.0,0.0,0.0,2.0,13.0,0.0,0.0,0.0,1.0,1.0,0.0,12.0,1.0,0.0,15.0,1.0,1.0
394,87195daf1ffffff,39.0,3.0,1.0,0.0,26.0,30.0,1.0,11.0,11.0,4.0,8.0,42.0,144.0,29.0,7.0,81.0,0.0,3.0
395,87195daf2ffffff,0.0,0.0,6.0,0.0,0.0,0.0,0.0,0.0,0.0,0.0,0.0,1.0,12.0,1.0,4.0,2.0,0.0,0.0
396,87195daf3ffffff,10.0,0.0,0.0,0.0,2.0,0.0,0.0,0.0,0.0,0.0,0.0,2.0,13.0,8.0,4.0,23.0,0.0,3.0
397,87195daf5ffffff,0.0,0.0,0.0,0.0,1.0,3.0,0.0,0.0,0.0,0.0,0.0,0.0,1.0,0.0,0.0,4.0,0.0,0.0
398,87195db41ffffff,0.0,0.0,0.0,0.0,0.0,0.0,0.0,0.0,0.0,0.0,0.0,0.0,0.0,0.0,0.0,7.0,0.0,0.0
399,87195db43ffffff,0.0,0.0,0.0,0.0,0.0,0.0,0.0,0.0,0.0,0.0,0.0,0.0,0.0,0.0,0.0,6.0,0.0,0.0
400,87195db48ffffff,90.0,3.0,2.0,0.0,46.0,70.0,2.0,23.0,34.0,18.0,29.0,201.0,484.0,35.0,18.0,151.0,12.0,20.0
401,87195db49ffffff,92.0,4.0,0.0,0.0,37.0,64.0,1.0,20.0,42.0,5.0,19.0,158.0,359.0,37.0,18.0,143.0,5.0,13.0
402,87195db4affffff,33.0,0.0,0.0,0.0,10.0,17.0,1.0,1.0,0.0,1.0,2.0,9.0,36.0,5.0,3.0,41.0,0.0,4.0
403,87195db4bffffff,51.0,2.0,2.0,0.0,20.0,45.0,2.0,23.0,18.0,8.0,12.0,61.0,233.0,31.0,10.0,94.0,1.0,8.0
404,87195db4cffffff,0.0,0.0,2.0,0.0,5.0,0.0,1.0,2.0,0.0,2.0,0.0,1.0,5.0,8.0,10.0,23.0,0.0,1.0
405,87195db4dffffff,47.0,1.0,2.0,0.0,31.0,33.0,0.0,16.0,37.0,3.0,8.0,102.0,232.0,33.0,16.0,109.0,3.0,7.0
406,87195db4effffff,11.0,1.0,1.0,0.0,3.0,2.0,0.0,0.0,1.0,1.0,2.0,32.0,25.0,5.0,3.0,21.0,1.0,0.0
407,87195db58ffffff,14.0,1.0,0.0,0.0,4.0,7.0,2.0,0.0,1.0,0.0,2.0,3.0,14.0,8.0,4.0,21.0,0.0,0.0
408,87195db59ffffff,16.0,5.0,4.0,0.0,2.0,15.0,0.0,11.0,5.0,5.0,8.0,30.0,82.0,8.0,8.0,29.0,0.0,2.0
409,87195db5affffff,8.0,0.0,0.0,0.0,0.0,2.0,0.0,0.0,0.0,0.0,0.0,3.0,4.0,1.0,4.0,5.0,0.0,0.0
410,87195db5bffffff,48.0,1.0,1.0,0.0,21.0,29.0,1.0,10.0,18.0,4.0,9.0,40.0,171.0,21.0,11.0,77.0,3.0,7.0
411,87195db5cffffff,1.0,0.0,0.0,0.0,1.0,0.0,0.0,0.0,0.0,0.0,0.0,0.0,0.0,0.0,0.0,7.0,0.0,0.0
412,87195db5dffffff,8.0,0.0,0.0,0.0,1.0,0.0,0.0,0.0,0.0,1.0,0.0,5.0,9.0,2.0,1.0,11.0,1.0,1.0
413,87195db69ffffff,0.0,0.0,3.0,0.0,0.0,0.0,0.0,0.0,0.0,0.0,1.0,5.0,7.0,0.0,1.0,9.0,1.0,1.0
414,87195db6bffffff,27.0,0.0,1.0,0.0,16.0,11.0,0.0,4.0,13.0,2.0,5.0,45.0,119.0,8.0,7.0,93.0,0.0,2.0
